ReferenceNo,Plate
3-1,166
3-2,167-1
3-2,167-1
3-3,167-3
3-5,167-4
3-6,968-1
3-6,968-2
3-7,968-3
3-7,968-4
3-8,169
3-14,170-1
3-15,170-1
3-16,187^
3-20,171-1
3-23,171-1
3-23,171-1
3-23,171-14
3-23,171-4
3-23,171-187
3-23,171-3(
3-23,171-12
3-23,171-9
3-23,171-4)
3-24,171-3
3-24,171-4
3-25,171-3
3-26,171/
3-33,187-1
3-33,187-1
3-34,172-1
3-34,172-1
3-36,172-3
3-36,172-15'
3-38,173-1
3-38,173-3
3-40,173-4
3-43,173-3
3-48,173/
3-51,174-1
3-54,1744
3-57,174-3
3-57,174-11
3-58,175-1
3-67,1754
3-68,175-3
3-69,4
3-70,174-3
3-71,174/
3-75,176-1
3-75,176-1
3-76,176-3
3-85,176-4
3-89,176-3
3-90,176/
3-92,177-1
3-92,177-2
3-102,177-3
3-102,177-4
3-110,177-5
3-110,177-6
3-117,178-1
3-117,178-1
3-132,178-3
3-137,178-4
3-138,178-3
3-146,178/
3-150,179-1
3-153,1794
3-154,179-3
3-159,179-4
3-162,179-3
3-162,179-/
3-165,180
3-166,181
3-168,182-1
3-168,182-2
3-171,182-3
3-173,"182-1"""
3-174,183-1
3-174,183-*
3-176,183-3
3-177,183-0^
3-181,183/
3-I84,183-7
3-I84,183-8
3-185,984-1
3-185,984-2
3-187,184-3
3-188,"184-1"""
3-189,184-3
3-193,184/
3-201,185-1
3-202,185-2
3-202,185-3
3-214,185-3
3-217,185/
3-224,"185-0""."
3-243,186-4
3-247,186-3
3-256,"186-1"""
3-257,186-3
3-258,186/
3-264,186^
3-267,188-1
3-268,188-2
3-270,188-3
3-273,988-4
3-274,188-3
3-279,188/
3-295,188-7
3-296,188-9
3-297,9887
3-298,188-11
3-300,1881
3-309,189-1
3-311,189-4
3-312,189-3
3-313,"1890"""
3-314,189-3
3-319,189/
3-323,190-1
3-324,190-4
3-325,190-3
3-326,990-4
3-327,190-3
3-328,190/
3-329,190-Â£
3-330,190-8
3-331,191-1
3-332,191-2
3-337,191-3
3-338,191-4
3-339,191-3
3-340,191/
3-341,192-1
3-341,192-4
3-342,192-5
3-342,192-7
3-344,193-1
3-346,193-1
3-347,993-3
3-347,993-4
3-348,193-3
3-355,193/
3-357,194-1
3-357,194-1
3-359,194-3
3-360,194-4
3-361,194-3
3-361,194-/
3-369,195-1
3-369,195-1
3-373,195-3
3-373,195-4
3-374,195-3
3-374,195-/
3-375,196-1
3-375,196-1
3-377,196-3
3-378,196-4
3-383,196-3
3-383,196-/
3-388,197-1
3-388,197-3
3-392,198-1
3-392,198-1
3-393,998-3
3-393,998-4
3-394,197-4
3-395,197-5
3-395,197-6
3-397,199-1
3-397,199-1
3-398,199-3
3-398,199-4
3-399,200-1
3-399,200-4
3-404,200-3
3-404,200-18
3-404,200-6
3-408,200-3
3-410,200/
3-415,201-1
3-416,201-2
3-419,201-3
3-420,20-9
3-420,20-4
3-427,201-3
3-431,201/
3-434,202-1
3-434,202-3
3-437,202-4
3-437,202-5
3-439,202/
3-441,203-1
3-442,203-2
3-443,203-3
3-444,203-4
3-447,294-1
3-447,294-2
3-448,204-3
3-448,204-15'
3-449,205
3-450,206
3-451,207-1
3-451,207-2
3-452,207-3
3-452,207-4
3-453,208-1
3-454,208-2
3-459,208-3
3-459,"208-1"""
3-460,209-1
3-460,209-3
3-462,209-11
3-464,209-3
3-465,209/
3-468,210-1
3-469,210-2
3-469,210-3
3-470,210-1'
3-475,210-3
3-475,210-/
3-476,211-1
3-479,211-2
3-479,211-3
3-480,211-4
3-481,211-3
3-481,211-/
3-492,212-1
3-499,212/
3-510,213-1
3-516,213^
3-519,213-8
3-520,213?
3-521,214-1
3-529,214-9
3-531,214-3
3-532,214-1'
3-533,214-3
3-534,214/
3-535,215-1
3-540,215*
3-541,215-3
3-548,216-1
3-550,216-1
3-551,215-11
3-552,216-3
3-555,"216-1"""
3-559,216/
3-560,216^
3-563,217-1
3-565,217-1
3-566,217-3
3-574,217-11
3-584,218-1
3-586,2-128
3-586,2-2
3-586,2-3
3-587,"218-1"""
3-587,218-3
3-590,219-1
3-591,219-2
3-594,218/
3-595,219-3
3-595,219-/
3-596,220-1
3-596,220-2
3-597,220^
3-598,220-3
3-598,220-/
3-621,221-1
3-622,221-2
3-622,221-4
3-623,221-5
3-623,221-6
3-624,222-1
3-624,222-1
3-625,222-3
3-625,222-1'
3-626,223-1
3-626,223-9
3-627,223-3
3-627,223-4
3-628,224-1
3-628,224-*
3-630,224-3
3-631,"244-1"""
3-634,225-1
3-634,225-2
3-635,225-3
3-635,225-4
3-641,226-1
3-641,226-1
3-642,266-3
3-642,266-4
3-643,227-1
3-643,227-1
3-645,227-3
3-645,227-4
3-646,228-1
3-648,2286-1'
3-649,229
3-650,230-1
3-650,230-1
3-651,230-3
3-651,230-4
3-655,230-5
3-656,230/-1
3-656,230/-14
3-656,230/-4
3-656,230/-23
3-656,230/-12
3-656,230/-1
3-657,231-2
3-658,231-3
3-660,231-4
3-660,231-7
3-661,233-1
3-662,232
3-663,233-2
3-674,233<;
3-685,233-4
3-686,233*
3-687,233/
3-688,234-1
3-689,234-15
3-691,234-3
3-694,"234-1"""
3-699,234-5/
3-700,235-1
3-701,235-2
3-703,235-3
3-703,235-4
3-706,235-5
3-707,236-1
3-708,236*
3-709,236-3
3-709,236-4
3-710,236-5
